"xiaomi redmi 4a 2/32gb GARANSI 1 THN - Abu-abu, 2/16gbRp542.000Kab. TangerangDemeterstore(89)"
nokia 105 new 2019 garansi resmi - BIRU TAMRp225.000Tangeranghapehapeku21(380)
SAMSUNG CARAMEL E1272 MURAH GROSIR HP JADUL SAMSUNG LIPAT - PutihRp160.000Jakarta BaratFirst Acc HP(123)
"Apple iPhone 11 128GB/ 64GB Second - Red, 64GBRp6.770.000Jakarta PusatStudio Apple(21)"
"iPhone 12 mini 64Gb 128Gb 256Gb Bekas Fullset Second Mulus - Hitam, 64 gbRp7.699.999Jakarta UtaraGNT(17)"
CashbackSamsung Galaxy S20 FE 8/128GB Garansi Resmi SEINRp6.799.000MedanRajaponsel Official(85)Bisa Tukar Tambah
CashbackIphone 11 128GB Garansi Resmi TAM / IboxRp10.699.000Jakarta BaratPT Pratama Sntra Semesta(1218)Bisa Tukar Tambah
CashbackIphone XR Garansi Resmi IboxRp8.299.000Jakarta BaratPT Pratama Sntra Semesta(1344)Bisa Tukar Tambah
CashbackSAMSUNG Galaxy A22 5G RAM 6/128GB Garansi ResmiRp3.299.000MedanRajaponsel Official(47)Bisa Tukar Tambah
CashbackXiaomi Poco X3 Pro 8/256 GB Garansi ResmiRp3.900.000Jakarta PusatGudang-HP(770)Bisa Tukar Tambah
"xiaomi redmi 4a 2/32gb GARANSI 1 THN - Abu-abu, 2/16gbRp542.000Kab. TangerangDemeterstore(89)"
SAMSUNG CARAMEL E1272 MURAH GROSIR HP JADUL SAMSUNG LIPAT - PutihRp160.000Jakarta BaratFirst Acc HP(123)
Hp SAMSUNG LIPAT E1272 TERMURAH dual sim 2 Garansi Distributor - HitamRp155.000Tangerangsodo shop(339)
oppo reno 5 marvel edition 8gb/128gbRp6.700.000Jakarta Barathealthy-V
"IPHONE XS 64GB / 256GB SECOND ORIGINAL FULLSET - GREY, 64 gbRp4.865.000Jakarta Pusatyunishop00(88)"
CashbackIphone 11 128GB Garansi Resmi TAM / IboxRp10.699.000Jakarta BaratPT Pratama Sntra Semesta(1218)Bisa Tukar Tambah
CashbackIphone XR Garansi Resmi IboxRp8.299.000Jakarta BaratPT Pratama Sntra Semesta(1344)Bisa Tukar Tambah
CashbackSAMSUNG Galaxy A22 5G RAM 6/128GB Garansi ResmiRp3.299.000MedanRajaponsel Official(47)Bisa Tukar Tambah
CashbackXiaomi Poco X3 Pro 8/256 GB Garansi ResmiRp3.900.000Jakarta PusatGudang-HP(770)Bisa Tukar Tambah
CashbackXIAOMI Mi POCO X3 Pro 6/128GB NFC Snapdragonâ„¢ 860 48MP 5160mAhRp3.499.000Kab. TangerangXiaomi Official Store(2286)Bisa Tukar Tambah
"Apple iPhone 13 Pro Max Promax 128GB 256GB 512GB 1TB 128 256 512 1 TB - 128GB, GOLDRp20.950.000Jakarta Pusatchocoapple(65)"
Infinix Hot Series 4GB 64GB 6GB 128GB - GARANSI RESMI - 10 PLAY 2+32GBRp1.399.000Bandungkiara phonecell
Samsung Note 20 Ultra 256 Resmi SEIN Note 20 Ultra Resmi Indonesia - 256GB WhiteRp12.475.000BandungMarkazHp(12)
iPHONE 11 PRO 64GB DUAL SIM SECOND ORIGINAL ( FULL SET )Rp9.200.000Jakarta BaratProduct Apple
"iPhone 12 64Gb 128Gb 256Gb Bekas Fullset Second Mulus - Hitam, 64 gbRp9.399.999Jakarta UtaraGNT(7)"
CashbackASUS ROG PHONE 5 8/128GB 12/256GB GARANSI RESMI ASUS INDONESIARp8.495.000Jakarta Baratcentralphone73(106)
CashbackRedmi Note 10s 6/64GB + 8/128GB GARANSI RESMIRp2.675.000Jakarta Baratduniagadgetku(772)
CashbackNokia 105 king 2019 Garansi ResmiRp226.000Jakarta PusatSuper Store(250)Bisa Tukar Tambah
CashbackSamsung Galaxy A03S 4/64 GB Garansi ResmiRp1.754.000Jakarta PusatGarasi.ku(269)Bisa Tukar Tambah
Gratis OngkirSAMSUNG A12 RAM 6 128 RAM 4 128 GARANSI RESMIRp2.199.000TangerangBintang Terang Cell(132)Bisa Tukar Tambah
